{"cameraMode":{"drawMode":0,"name":"Shaded","section":"Shading Mode"},"sceneLighting":true,"audioPlay":false,"sceneViewState":{"showFog":true,"showMaterialUpdate":false,"showSkybox":true,"showFlares":true,"showImageEffects":true,"showParticleSystems":true},"in2DMode":false,"pivot":{"x":278.8406982421875,"y":-0.08076000213623047,"z":-1119.3494873046875},"rotation":{"x":0.2648318111896515,"y":-0.05637226998806,"z":0.015510318800807,"w":0.9625219702720642},"size":29.963960647583009,"orthographic":false}