{"cameraMode":{"drawMode":0,"name":"Shaded","section":"Shading Mode"},"sceneLighting":true,"audioPlay":false,"sceneViewState":{"showFog":true,"showMaterialUpdate":false,"showSkybox":true,"showFlares":true,"showImageEffects":true,"showParticleSystems":true},"in2DMode":false,"pivot":{"x":-0.4798074960708618,"y":-2.3660004138946535,"z":0.8556410670280457},"rotation":{"x":0.10503896325826645,"y":-0.5326791405677795,"z":0.0668148621916771,"w":0.8371356129646301},"size":2.0063395500183107,"orthographic":false}