{"cameraMode":{"drawMode":0,"name":"Shaded","section":"Shading Mode"},"sceneLighting":true,"audioPlay":false,"sceneViewState":{"showFog":true,"showMaterialUpdate":false,"showSkybox":false,"showFlares":true,"showImageEffects":true,"showParticleSystems":true},"in2DMode":false,"pivot":{"x":4.230548858642578,"y":7.851996421813965,"z":-7.854416847229004},"rotation":{"x":0.1560957133769989,"y":0.5290536284446716,"z":-0.0997326523065567,"w":0.8281406760215759},"size":1.941687822341919,"orthographic":false}