{"cameraMode":{"drawMode":0,"name":"Shaded","section":"Shading Mode"},"sceneLighting":true,"audioPlay":false,"sceneViewState":{"showFog":true,"showMaterialUpdate":false,"showSkybox":true,"showFlares":true,"showImageEffects":true,"showParticleSystems":true},"in2DMode":false,"pivot":{"x":-0.5056872367858887,"y":0.6424245834350586,"z":3.3543808460235597},"rotation":{"x":-0.259554386138916,"y":0.20436915755271913,"z":-0.05629066377878189,"w":-0.9421929121017456},"size":2.0344960689544679,"orthographic":false}